title,anno,url
Linee Guida Nazionali 2025,2025,https://www.bdfsrl.it/download/linee-guida-nazionali-2025/?wpdmdl=15117&refresh=68170fe2598771746341858
Disciplinare Abruzzo 2025,2025,https://www.bdfsrl.it/download/disciplinare-abruzzo-2025/?wpdmdl=15188&refresh=68170fe25ebf71746341858
Disciplinare Bacino Centro Sud Italia 2025,2025,https://www.bdfsrl.it/download/disciplinare-bacino-centro-sud-italia-2025/?wpdmdl=15251&refresh=68170fe2639ed1746341858
Disciplinare Basilicata 2025,2025,https://www.bdfsrl.it/download/disciplinare-basilicata-2025/?wpdmdl=15208&refresh=68170fe2691481746341858
Disciplinare Bolzano 2025,2025,https://www.bdfsrl.it/download/disciplinare-bolzano-2025/?wpdmdl=15245&refresh=68170fe26f22d1746341858
Disciplinare Calabria 2025,2025,https://www.bdfsrl.it/download/disciplinare-calabria-2025/?wpdmdl=15212&refresh=68170fe273c701746341858
Disciplinare Campania 2025,2025,https://www.bdfsrl.it/download/disciplinare-campania-2025/?wpdmdl=15242&refresh=68170fe2783961746341858
Disciplinare Emilia-Romagna 2025,2025,https://www.bdfsrl.it/download/disciplinare-emilia-romagna-2025/?wpdmdl=15112&refresh=68170fe27d1501746341858
Disciplinare Friuli Venezia Giulia 2025,2025,https://www.bdfsrl.it/download/disciplinare-friuli-venezia-giulia-2025/?wpdmdl=15228&refresh=68170fe2819c91746341859
Disciplinare Lazio 2025,2025,https://www.bdfsrl.it/download/disciplinare-lazio-2025/?wpdmdl=15239&refresh=68170fe28672e1746341859
Disciplinare Liguria 2025,2025,https://www.bdfsrl.it/download/disciplinare-liguria-2025/?wpdmdl=15127&refresh=68170fe28c7c01746341859
Disciplinare Lombardia 2025,2025,https://www.bdfsrl.it/download/disciplinare-lombardia-2025/?wpdmdl=15134&refresh=68170fe2910551746341859
Disciplinare Marche 2025,2025,https://www.bdfsrl.it/download/disciplinare-marche-2025/?wpdmdl=15180&refresh=68170fe2955a51746341859
Disciplinare Molise 2025,2025,https://www.bdfsrl.it/download/disciplinare-molise-2025/?wpdmdl=15236&refresh=68170fe29a2921746341859
Disciplinare Piemonte 2025,2025,https://www.bdfsrl.it/download/disciplinare-piemonte-2025/?wpdmdl=15194&refresh=68170fe29ecd21746341859
Disciplinare Puglia 2025,2025,https://www.bdfsrl.it/download/disciplinare-puglia-2025/?wpdmdl=15248&refresh=68170fe2a419d1746341859
Disciplinare Sardegna 2025,2025,https://www.bdfsrl.it/download/disciplinare-sardegna-2025/?wpdmdl=15205&refresh=68170fe2a8f3a1746341859
Disciplinare Sicilia 2025,2025,https://www.bdfsrl.it/download/disciplinare-sicilia-2025/?wpdmdl=15255&refresh=68170fe2ad5181746341859
Disciplinare Toscana 2025,2025,https://www.bdfsrl.it/download/disciplinare-toscana-2025/?wpdmdl=15220&refresh=68170fe2b222b1746341859
Disciplinare Trento 2025,2025,https://www.bdfsrl.it/download/disciplinare-trento-2025/?wpdmdl=15191&refresh=68170fe2b6b581746341859
Disciplinare Umbria 2025,2025,https://www.bdfsrl.it/download/disciplinare-umbria-2025/?wpdmdl=15196&refresh=68170fe2bb8441746341859
Disciplinare Valle D'Aosta 2025,2025,https://www.bdfsrl.it/download/disciplinare-valle-daosta-2025/?wpdmdl=15224&refresh=68170fe2c04a01746341859
Disciplinare Veneto 2025,2025,https://www.bdfsrl.it/download/disciplinare-veneto-2025/?wpdmdl=15120&refresh=68170fe2c4de01746341859
Linee Guida Nazionali 2024,2024,https://www.bdfsrl.it/download/linee-guida-nazionali-2024/?wpdmdl=14615&refresh=68170fe2c9b4e1746341858
Disciplinare Abruzzo 2024,2024,https://www.bdfsrl.it/download/disciplinare-abruzzo-2024/?wpdmdl=14618&refresh=68170fe2ce4261746341858
Disciplinare Bacino Centro Sud Italia 2024,2024,https://www.bdfsrl.it/download/disciplinare-bacino-centro-sud-italia-2024/?wpdmdl=14620&refresh=68170fe2d354c1746341858
Disciplinare Basilicata 2024,2024,https://www.bdfsrl.it/download/disciplinare-basilicata-2024/?wpdmdl=14622&refresh=68170fe2d853e1746341858
Disciplinare Bolzano 2024,2024,https://www.bdfsrl.it/download/disciplinare-bolzano-2024/?wpdmdl=14624&refresh=68170fe2dce471746341858
Disciplinare Calabria 2024,2024,https://www.bdfsrl.it/download/disciplinare-calabria-2024/?wpdmdl=14626&refresh=68170fe2e2edd1746341858
Disciplinare Campania 2024,2024,https://www.bdfsrl.it/download/disciplinare-campania-2024/?wpdmdl=14628&refresh=68170fe2e89bd1746341858
Disciplinare Emilia-Romagna 2024,2024,https://www.bdfsrl.it/download/disciplinare-emilia-romagna-2024/?wpdmdl=14630&refresh=68170fe2edde11746341858
Disciplinare Friuli Venezia Giulia 2024,2024,https://www.bdfsrl.it/download/disciplinare-friuli-venezia-giulia-2024/?wpdmdl=14632&refresh=68170fe2f38491746341858
Disciplinare Lazio 2024,2024,https://www.bdfsrl.it/download/disciplinare-lazio-2024/?wpdmdl=14634&refresh=68170fe3053451746341859
Disciplinare Liguria 2024,2024,https://www.bdfsrl.it/download/disciplinare-liguria-2024/?wpdmdl=14636&refresh=68170fe30aec61746341859
Disciplinare Lombardia 2024,2024,https://www.bdfsrl.it/download/disciplinare-lombardia-2024/?wpdmdl=14638&refresh=68170fe310c101746341859
Disciplinare Marche 2024,2024,https://www.bdfsrl.it/download/disciplinare-marche-2024/?wpdmdl=14640&refresh=68170fe315a1d1746341859
Disciplinare Molise 2024,2024,https://www.bdfsrl.it/download/disciplinare-molise-2024/?wpdmdl=14642&refresh=68170fe31a5a71746341859